{
    "$schema": "https://schema.management.azure.com/schemas/2015-01-01/deploymentParameters.json#",
    "contentVersion": "1.0.0.0",
    "parameters": {
        "connections_keyvault_name": {
            "value": null
        },
        "connections_servicebus_name": {
            "value": null
        },
        "connections_sharepointonline_name": {
            "value": null
        },
        "vaults_kv_integration_beyond_name": {
            "value": null
        },
        "connections_azureeventgridpublish_name": {
            "value": null
        },
        "sites_fa_integration_beyond_point_to_point_name": {
            "value": null
        },
        "storageAccounts_stintegrationbeyondpoint_name": {
            "value": null
        },
        "topics_egt_integration_beyond_point_to_point_name": {
            "value": null
        },
        "components_appi_integration_beyond_point_to_point_name": {
            "value": null
        },
        "namespaces_sb_integration_beyond_point_to_point_name": {
            "value": null
        },
        "service_apim_integration_beyond_point_to_point_name": {
            "value": null
        },
        "serverfarms_ASP_fa_integration_beyond_point_to_point_6880_name": {
            "value": null
        },
        "workflows_la_integration_beyond_point_to_point_webhook_adapter_name": {
            "value": null
        },
        "workspaces_loga_integration_beyond_point_to_point_name": {
            "value": null
        },
        "workflows_la_integration_beyond_point_to_point_sharepoint_adapter_name": {
            "value": null
        },
        "solutions_LogicAppsManagement_loga_integration_beyond_point_to_point__name": {
            "value": null
        },
        "smartdetectoralertrules_failure_anomalies___appi_integration_beyond_point_to_point_name": {
            "value": null
        },
        "actiongroups_application_insights_smart_detection_externalid": {
            "value": null
        }
    }
}